"","congress_number","session_number","law.missing","gap_chapter_start","gap_chapter_end","sal_volume"
"1",49,1,TRUE,89,325,24
"2",25,3,TRUE,96,225,5
"3",56,2,TRUE,479,606,31
"4",56,2,TRUE,220,341,31
"5",56,2,TRUE,679,799,31
"6",24,1,TRUE,122,229,5
"7",49,1,TRUE,638,743,24
"8",51,2,TRUE,386,491,26
"9",49,1,TRUE,464,566,24
"10",51,1,TRUE,1136,1238,26
"11",48,1,TRUE,236,330,23
"12",48,2,TRUE,167,259,23
"13",56,1,TRUE,624,713,31
"14",55,3,TRUE,229,312,30
"15",56,1,TRUE,255,337,31
"16",56,1,TRUE,395,468,31
"17",56,2,TRUE,387,460,31
"18",23,1,TRUE,175,246,4
"19",50,1,TRUE,1114,1185,25
"20",51,1,TRUE,541,611,26
"21",51,1,TRUE,1049,1119,26
"22",50,1,TRUE,520,589,25
"23",51,2,TRUE,169,236,26
"24",40,3,TRUE,58,120,15
"25",51,1,TRUE,293,354,26
"26",24,1,TRUE,291,351,5
"27",56,2,TRUE,14,74,31
"28",56,1,TRUE,719,778,31
"29",51,1,TRUE,481,539,26
"30",51,1,TRUE,737,795,26
"31",29,1,TRUE,111,168,9
"32",56,2,TRUE,108,163,31
"33",48,2,TRUE,69,122,23
"34",25,2,TRUE,213,263,5
"35",56,1,TRUE,490,540,31
"36",22,1,TRUE,251,300,4
"37",51,2,TRUE,292,341,26
"38",55,2,TRUE,585,634,30
"39",30,2,TRUE,130,178,9
"40",49,2,TRUE,159,207,24
"41",56,1,TRUE,194,242,31
"42",33,1,TRUE,111,158,10
"43",48,2,TRUE,266,313,23
"44",50,1,TRUE,424,471,25
"45",18,1,TRUE,90,135,4
"46",27,2,TRUE,131,176,5
"47",51,1,TRUE,102,147,26
"48",51,1,TRUE,952,997,26
"49",42,2,TRUE,370,413,17
"50",45,3,TRUE,126,169,20
"51",55,2,TRUE,122,165,30
"52",56,2,TRUE,624,667,31
"53",26,1,TRUE,55,97,5
"54",49,1,TRUE,850,892,24
"55",45,2,TRUE,217,258,20
"56",50,1,TRUE,949,990,25
"57",56,1,TRUE,46,87,31
"58",51,1,TRUE,439,478,26
"59",55,2,TRUE,250,289,30
"60",39,2,TRUE,104,142,14
"61",40,2,TRUE,187,225,15
"62",45,2,TRUE,270,308,20
"63",51,2,TRUE,343,381,26
"64",21,1,TRUE,108,145,4
"65",43,1,TRUE,350,387,18
"66",49,1,TRUE,425,462,24
"67",54,2,TRUE,270,307,29
"68",55,2,TRUE,300,337,30
"69",50,2,TRUE,242,277,25
"70",51,1,TRUE,670,705,26
"71",51,1,TRUE,1004,1039,26
"72",56,1,TRUE,823,858,31
"73",50,1,TRUE,156,190,25
"74",32,2,TRUE,105,138,10
"75",40,2,TRUE,83,116,15
"76",43,2,TRUE,42,75,18
"77",47,1,TRUE,314,347,22
"78",50,1,TRUE,632,665,25
"79",50,1,TRUE,825,858,25
"80",55,2,TRUE,192,225,30
"81",56,1,TRUE,122,155,31
"82",56,1,TRUE,350,383,31
"83",50,1,TRUE,262,294,25
"84",51,1,TRUE,237,269,26
"85",52,1,TRUE,278,310,27
"86",25,3,TRUE,38,69,5
"87",40,2,TRUE,144,174,15
"88",43,1,TRUE,225,255,18
"89",47,1,TRUE,400,430,22
"90",48,1,TRUE,183,213,23
"91",51,2,TRUE,132,162,26
"92",24,1,TRUE,8,37,5
"93",34,1,TRUE,88,117,11
"94",45,2,TRUE,110,139,20
"95",54,1,TRUE,340,369,29
"96",54,2,TRUE,31,60,29
"97",55,3,TRUE,90,119,30
"98",33,2,TRUE,26,54,10
"99",34,1,TRUE,131,159,11
"100",51,1,TRUE,877,905,26
"101",51,2,TRUE,253,281,26
"102",56,1,TRUE,557,585,31
"103",35,1,TRUE,94,121,11
"104",36,1,TRUE,86,113,12
"105",43,1,TRUE,425,452,18
"106",25,2,TRUE,120,146,5
"107",34,2,TRUE,1,27,11
"108",45,2,TRUE,332,358,20
"109",54,1,TRUE,276,302,29
"110",55,2,TRUE,396,422,30
"111",55,3,TRUE,1,27,30
"112",27,2,TRUE,229,254,5
"113",34,3,TRUE,64,89,11
"114",48,1,TRUE,150,175,23
"115",49,2,TRUE,223,248,24
"116",51,1,TRUE,356,381,26
"117",23,2,TRUE,51,75,4
"118",47,2,TRUE,65,89,22
"119",50,1,TRUE,82,106,25
"120",50,2,TRUE,209,233,25
"121",54,2,TRUE,180,204,29
"122",23,1,TRUE,17,40,4
"123",41,3,TRUE,75,98,16
"124",49,1,TRUE,904,927,24
"125",50,2,TRUE,67,90,25
"126",17,1,TRUE,63,85,3
"127",46,2,TRUE,138,160,21
"128",22,1,TRUE,29,50,4
"129",24,2,TRUE,53,74,5
"130",25,2,TRUE,60,81,5
"131",33,1,TRUE,205,226,10
"132",33,2,TRUE,74,95,10
"133",33,2,TRUE,176,197,10
"134",35,2,TRUE,36,57,11
"135",49,2,TRUE,289,310,24
"136",50,2,TRUE,25,46,25
"137",50,2,TRUE,334,355,25
"138",55,2,TRUE,424,445,30
"139",18,1,TRUE,67,87,4
"140",35,1,TRUE,60,80,11
"141",50,1,TRUE,795,815,25
"142",50,2,TRUE,281,301,25
"143",52,1,TRUE,174,194,27
"144",52,1,TRUE,330,350,27
"145",53,2,TRUE,257,277,28
"146",33,1,TRUE,168,187,10
"147",50,1,TRUE,399,418,25
"148",50,2,TRUE,181,200,25
"149",54,2,TRUE,147,166,29
"150",55,3,TRUE,130,149,30
"151",27,2,TRUE,208,226,5
"152",44,1,TRUE,193,211,19
"153",50,1,TRUE,1071,1089,25
"154",52,2,TRUE,84,102,27
"155",55,2,TRUE,470,488,30
"156",19,1,TRUE,91,108,4
"157",23,1,TRUE,107,124,4
"158",24,1,TRUE,272,289,5
"159",28,1,TRUE,76,93,5
"160",30,1,TRUE,123,140,9
"161",33,2,TRUE,148,165,10
"162",41,2,TRUE,274,291,16
"163",49,1,TRUE,398,415,24
"164",50,1,TRUE,918,935,25
"165",56,1,TRUE,160,177,31
"166",18,1,TRUE,48,64,4
"167",21,1,TRUE,190,206,4
"168",25,2,TRUE,195,211,5
"169",29,1,TRUE,39,55,9
"170",33,1,TRUE,250,266,10
"171",47,1,TRUE,201,217,22
"172",49,2,TRUE,73,89,24
"173",50,1,TRUE,138,154,25
"174",32,2,TRUE,42,57,10
"175",42,3,TRUE,89,104,17
"176",47,1,TRUE,90,105,22
"177",49,2,TRUE,51,66,24
"178",49,2,TRUE,140,155,24
"179",50,1,TRUE,874,889,25
"180",51,1,TRUE,272,287,26
"181",51,1,TRUE,821,836,26
"182",54,1,TRUE,124,139,29
"183",55,2,TRUE,167,182,30
"184",56,2,TRUE,76,91,31
"185",56,2,TRUE,201,216,31
"186",14,2,TRUE,70,84,3
"187",21,1,TRUE,164,178,4
"188",25,2,TRUE,16,30,5
"189",25,3,TRUE,5,19,5
"190",26,1,TRUE,7,21,5
"191",27,3,TRUE,5,19,5
"192",27,3,TRUE,54,68,5
"193",39,1,TRUE,185,199,14
"194",42,2,TRUE,264,278,17
"195",46,3,TRUE,113,127,21
"196",47,1,TRUE,449,463,22
"197",48,1,TRUE,83,97,23
"198",50,1,TRUE,346,360,25
"199",50,1,TRUE,504,518,25
"200",50,1,TRUE,599,613,25
"201",50,2,TRUE,51,65,25
"202",51,1,TRUE,218,232,26
"203",51,2,TRUE,502,516,26
"204",54,2,TRUE,14,28,29
"205",56,1,TRUE,93,107,31
"206",19,2,TRUE,63,76,4
"207",24,1,TRUE,101,114,5
"208",28,2,TRUE,49,62,5
"209",30,2,TRUE,38,51,9
"210",33,2,TRUE,56,69,10
"211",39,1,TRUE,49,62,14
"212",39,2,TRUE,84,97,14
"213",42,3,TRUE,106,119,17
"214",45,3,TRUE,51,64,20
"215",46,2,TRUE,172,185,21
"216",49,1,TRUE,783,796,24
"217",50,1,TRUE,322,335,25
"218",50,1,TRUE,758,771,25
"219",50,1,TRUE,1042,1055,25
"220",51,1,TRUE,617,630,26
"221",52,1,TRUE,94,107,27
"222",52,2,TRUE,122,135,27
"223",54,2,TRUE,318,331,29
"224",55,2,TRUE,39,52,30
"225",55,2,TRUE,520,533,30
"226",55,2,TRUE,549,562,30
"227",22,1,TRUE,208,220,4
"228",24,1,TRUE,63,75,5
"229",27,2,TRUE,51,63,5
"230",27,2,TRUE,83,95,5
"231",30,2,TRUE,1,13,9
"232",44,2,TRUE,86,98,19
"233",47,1,TRUE,131,143,22
"234",49,1,TRUE,586,598,24
"235",49,2,TRUE,27,39,24
"236",49,2,TRUE,106,118,24
"237",50,1,TRUE,1100,1112,25
"238",51,1,TRUE,858,870,26
"239",51,2,TRUE,9,21,26
"240",53,3,TRUE,65,77,28
"241",54,1,TRUE,318,330,29
"242",54,2,TRUE,123,135,29
"243",14,1,TRUE,83,94,3
"244",16,1,TRUE,63,74,3
"245",21,2,TRUE,43,54,4
"246",23,1,TRUE,79,90,4
"247",27,2,TRUE,70,81,5
"248",36,1,TRUE,145,156,12
"249",40,2,TRUE,119,130,15
"250",44,1,TRUE,275,286,19
"251",45,3,TRUE,69,80,20
"252",46,2,TRUE,191,202,21
"253",46,3,TRUE,48,59,21
"254",47,1,TRUE,296,307,22
"255",47,2,TRUE,103,114,22
"256",49,1,TRUE,364,375,24
"257",49,1,TRUE,624,635,24
"258",49,1,TRUE,828,839,24
"259",49,2,TRUE,321,332,24
"260",50,1,TRUE,215,226,25
"261",50,1,TRUE,703,714,25
"262",51,1,TRUE,842,853,26
"263",54,1,TRUE,374,385,29
"264",54,2,TRUE,71,82,29
"265",55,2,TRUE,351,362,30
"266",55,2,TRUE,505,516,30
"267",55,3,TRUE,401,412,30
"268",56,2,TRUE,168,179,31
"269",24,1,TRUE,237,247,5
"270",25,2,TRUE,35,45,5
"271",27,2,TRUE,9,19,5
"272",28,1,TRUE,19,29,5
"273",30,2,TRUE,26,36,9
"274",33,1,TRUE,88,98,10
"275",33,1,TRUE,231,241,10
"276",35,1,TRUE,47,57,11
"277",35,1,TRUE,134,144,11
"278",36,1,TRUE,168,178,12
"279",45,2,TRUE,200,210,20
"280",50,1,TRUE,110,120,25
"281",50,1,TRUE,774,784,25
"282",50,1,TRUE,901,911,25
"283",50,1,TRUE,937,947,25
"284",50,2,TRUE,138,148,25
"285",51,1,TRUE,184,194,26
"286",51,1,TRUE,927,937,26
"287",52,1,TRUE,363,373,27
"288",53,3,TRUE,116,126,28
"289",54,1,TRUE,259,269,29
"290",54,2,TRUE,252,262,29
"291",55,3,TRUE,67,77,30
"292",16,1,TRUE,29,38,3
"293",17,1,TRUE,97,106,3
"294",19,1,TRUE,113,122,4
"295",19,2,TRUE,81,90,4
"296",21,1,TRUE,15,24,4
"297",22,1,TRUE,81,90,4
"298",22,1,TRUE,94,103,4
"299",22,2,TRUE,44,53,4
"300",27,2,TRUE,110,119,5
"301",30,2,TRUE,90,99,9
"302",33,1,TRUE,36,45,10
"303",35,1,TRUE,123,132,11
"304",38,1,TRUE,227,236,13
"305",39,1,TRUE,145,154,14
"306",39,1,TRUE,220,229,14
"307",41,2,TRUE,154,163,16
"308",43,1,TRUE,83,92,18
"309",48,2,TRUE,127,136,23
"310",49,1,TRUE,612,621,24
"311",50,1,TRUE,1198,1207,25
"312",50,2,TRUE,101,110,25
"313",50,2,TRUE,155,164,25
"314",52,1,TRUE,217,226,27
"315",53,2,TRUE,216,225,28
"316",53,2,TRUE,331,340,28
"317",54,1,TRUE,109,118,29
"318",54,2,TRUE,343,352,29
"319",55,2,TRUE,90,99,30
"320",55,3,TRUE,195,204,30
"321",56,2,TRUE,820,829,31
"322",15,2,TRUE,61,69,3
"323",18,2,TRUE,26,34,4
"324",18,2,TRUE,36,44,4
"325",18,2,TRUE,84,92,4
"326",21,2,TRUE,105,113,4
"327",22,1,TRUE,16,24,4
"328",23,2,TRUE,8,16,4
"329",27,2,TRUE,97,105,5
"330",27,3,TRUE,35,43,5
"331",29,2,TRUE,22,30,9
"332",30,1,TRUE,157,165,9
"333",34,3,TRUE,3,11,11
"334",36,1,TRUE,68,76,12
"335",36,1,TRUE,191,199,12
"336",41,2,TRUE,215,223,16
"337",42,3,TRUE,73,81,17
"338",42,3,TRUE,189,197,17
"339",43,1,TRUE,265,273,18
"340",44,1,TRUE,124,132,19
"341",45,2,TRUE,97,105,20
"342",45,2,TRUE,171,179,20
"343",46,3,TRUE,98,106,21
"344",48,1,TRUE,108,116,23
"345",48,2,TRUE,151,159,23
"346",49,1,TRUE,10,18,24
"347",49,1,TRUE,31,39,24
"348",49,1,TRUE,382,390,24
"349",49,1,TRUE,766,774,24
"350",49,2,TRUE,94,102,24
"351",49,2,TRUE,260,268,24
"352",50,1,TRUE,71,79,25
"353",50,1,TRUE,195,203,25
"354",50,1,TRUE,667,675,25
"355",50,2,TRUE,9,17,25
"356",50,2,TRUE,123,131,25
"357",51,2,TRUE,51,59,26
"358",56,1,TRUE,470,478,31
"359",16,1,TRUE,76,83,3
"360",19,1,TRUE,48,55,4
"361",20,1,TRUE,7,14,4
"362",21,2,TRUE,77,84,4
"363",22,1,TRUE,132,139,4
"364",22,2,TRUE,4,11,4
"365",23,1,TRUE,2,9,4
"366",25,2,TRUE,102,109,5
"367",28,1,TRUE,109,116,5
"368",32,2,TRUE,10,17,10
"369",32,2,TRUE,32,39,10
"370",35,1,TRUE,15,22,11
"371",36,1,TRUE,19,26,12
"372",39,2,TRUE,18,25,14
"373",39,2,TRUE,68,75,14
"374",42,2,TRUE,297,304,17
"375",42,3,TRUE,139,146,17
"376",42,3,TRUE,151,158,17
"377",43,1,TRUE,155,162,18
"378",43,2,TRUE,100,107,18
"379",44,1,TRUE,32,39,19
"380",44,2,TRUE,42,49,19
"381",47,1,TRUE,33,40,22
"382",48,2,TRUE,10,17,23
"383",49,1,TRUE,819,826,24
"384",50,1,TRUE,311,318,25
"385",50,1,TRUE,1029,1036,25
"386",51,1,TRUE,90,97,26
"387",53,2,TRUE,154,161,28
"388",53,2,TRUE,291,298,28
"389",53,3,TRUE,151,158,28
"390",54,1,TRUE,183,190,29
"391",54,2,TRUE,137,144,29
"392",55,2,TRUE,380,387,30
"393",56,1,TRUE,602,609,31
"394",13,2,TRUE,40,46,3
"395",15,1,TRUE,116,122,3
"396",15,2,TRUE,5,11,3
"397",16,1,TRUE,55,61,3
"398",18,2,TRUE,67,73,4
"399",20,1,TRUE,32,38,4
"400",20,1,TRUE,78,84,4
"401",20,2,TRUE,58,64,4
"402",21,1,TRUE,61,67,4
"403",21,1,TRUE,154,160,4
"404",21,1,TRUE,221,227,4
"405",22,1,TRUE,2,8,4
"406",22,1,TRUE,116,122,4
"407",23,1,TRUE,61,67,4
"408",24,1,TRUE,90,96,5
"409",25,2,TRUE,47,53,5
"410",26,2,TRUE,14,20,5
"411",27,2,TRUE,195,201,5
"412",28,2,TRUE,6,12,5
"413",30,2,TRUE,63,69,9
"414",31,1,TRUE,32,38,9
"415",32,1,TRUE,26,32,10
"416",33,1,TRUE,160,166,10
"417",34,1,TRUE,74,80,11
"418",36,1,TRUE,41,47,12
"419",36,2,TRUE,12,18,12
"420",39,2,TRUE,49,55,14
"421",40,2,TRUE,62,68,15
"422",41,2,TRUE,143,149,16
"423",42,3,TRUE,55,61,17
"424",43,1,TRUE,276,282,18
"425",46,3,TRUE,83,89,21
"426",47,1,TRUE,174,180,22
"427",48,1,TRUE,135,141,23
"428",48,2,TRUE,31,37,23
"429",49,1,TRUE,50,56,24
"430",49,1,TRUE,748,754,24
"431",50,1,TRUE,35,41,25
"432",50,1,TRUE,130,136,25
"433",50,1,TRUE,479,485,25
"434",50,1,TRUE,731,737,25
"435",50,1,TRUE,992,998,25
"436",50,1,TRUE,1008,1014,25
"437",50,1,TRUE,1019,1025,25
"438",50,1,TRUE,1187,1193,25
"439",51,1,TRUE,392,398,26
"440",52,1,TRUE,109,115,27
"441",53,2,TRUE,182,188,28
"442",53,2,TRUE,321,327,28
"443",54,2,TRUE,114,120,29
"444",54,2,TRUE,206,212,29
"445",55,2,TRUE,61,67,30
"446",55,2,TRUE,106,112,30
"447",55,3,TRUE,49,55,30
"448",56,2,TRUE,94,100,31
"449",14,1,TRUE,113,118,3
"450",16,2,TRUE,19,24,3
"451",17,1,TRUE,34,39,3
"452",18,2,TRUE,58,63,4
"453",19,1,TRUE,141,146,4
"454",20,1,TRUE,61,66,4
"455",20,2,TRUE,44,49,4
"456",21,1,TRUE,42,47,4
"457",21,1,TRUE,53,58,4
"458",22,2,TRUE,17,22,4
"459",22,2,TRUE,24,29,4
"460",23,1,TRUE,48,53,4
"461",25,2,TRUE,6,11,5
"462",26,2,TRUE,27,32,5
"463",27,2,TRUE,41,46,5
"464",28,2,TRUE,29,34,5
"465",29,2,TRUE,41,46,9
"466",30,1,TRUE,84,89,9
"467",30,1,TRUE,112,117,9
"468",32,2,TRUE,60,65,10
"469",32,2,TRUE,70,75,10
"470",32,2,TRUE,83,88,10
"471",33,1,TRUE,18,23,10
"472",33,1,TRUE,73,78,10
"473",34,1,TRUE,66,71,11
"474",34,3,TRUE,26,31,11
"475",34,3,TRUE,39,44,11
"476",36,1,TRUE,12,17,12
"477",36,2,TRUE,50,55,12
"478",36,2,TRUE,62,67,12
"479",39,1,TRUE,90,95,14
"480",39,1,TRUE,256,261,14
"481",39,1,TRUE,271,276,14
"482",40,3,TRUE,25,30,15
"483",41,2,TRUE,48,53,16
"484",41,2,TRUE,201,206,16
"485",41,3,TRUE,9,14,16
"486",42,2,TRUE,105,110,17
"487",42,2,TRUE,133,138,17
"488",42,2,TRUE,247,252,17
"489",42,3,TRUE,26,31,17
"490",43,1,TRUE,188,193,18
"491",43,1,TRUE,208,213,18
"492",43,1,TRUE,316,321,18
"493",44,1,TRUE,138,143,19
"494",44,1,TRUE,148,153,19
"495",44,1,TRUE,240,245,19
"496",44,2,TRUE,51,56,19
"497",45,2,TRUE,52,57,20
"498",45,2,TRUE,81,86,20
"499",45,3,TRUE,13,18,20
"500",46,2,TRUE,215,220,21
"501",46,2,TRUE,228,233,21
"502",47,1,TRUE,164,169,22
"503",47,1,TRUE,224,229,22
"504",47,1,TRUE,247,252,22
"505",49,1,TRUE,602,607,24
"506",50,1,TRUE,235,240,25
"507",50,1,TRUE,300,305,25
"508",50,1,TRUE,376,381,25
"509",50,1,TRUE,488,493,25
"510",50,1,TRUE,893,898,25
"511",52,1,TRUE,242,247,27
"512",52,1,TRUE,258,263,27
"513",52,1,TRUE,354,359,27
"514",53,2,TRUE,247,252,28
"515",54,1,TRUE,388,393,29
"516",54,2,TRUE,100,105,29
"517",55,3,TRUE,180,185,30
"518",15,2,TRUE,55,59,3
"519",16,2,TRUE,26,30,3
"520",17,1,TRUE,113,117,3
"521",18,2,TRUE,115,119,4
"522",19,1,TRUE,68,72,4
"523",19,2,TRUE,24,28,4
"524",22,1,TRUE,59,63,4
"525",22,1,TRUE,145,149,4
"526",22,1,TRUE,156,160,4
"527",22,1,TRUE,167,171,4
"528",27,2,TRUE,33,37,5
"529",27,3,TRUE,21,25,5
"530",29,1,TRUE,69,73,9
"531",30,1,TRUE,62,66,9
"532",30,2,TRUE,56,60,9
"533",31,2,TRUE,15,19,9
"534",31,2,TRUE,27,31,9
"535",32,1,TRUE,69,73,10
"536",33,1,TRUE,63,67,10
"537",34,1,TRUE,60,64,11
"538",35,2,TRUE,69,73,11
"539",36,1,TRUE,123,127,12
"540",36,1,TRUE,206,210,12
"541",36,2,TRUE,6,10,12
"542",37,3,TRUE,38,42,12
"543",37,3,TRUE,62,66,12
"544",39,1,TRUE,34,38,14
"545",39,1,TRUE,133,137,14
"546",39,1,TRUE,203,207,14
"547",40,2,TRUE,56,60,15
"548",42,2,TRUE,67,71,17
"549",42,2,TRUE,120,124,17
"550",42,2,TRUE,208,212,17
"551",42,3,TRUE,161,165,17
"552",43,1,TRUE,101,105,18
"553",43,2,TRUE,109,113,18
"554",43,2,TRUE,121,125,18
"555",44,1,TRUE,57,61,19
"556",44,1,TRUE,215,219,19
"557",44,1,TRUE,229,233,19
"558",44,2,TRUE,2,6,19
"559",44,2,TRUE,13,17,19
"560",45,2,TRUE,163,167,20
"561",46,2,TRUE,62,66,21
"562",47,1,TRUE,62,66,22
"563",47,1,TRUE,121,125,22
"564",47,2,TRUE,18,22,22
"565",48,1,TRUE,66,70,23
"566",49,1,TRUE,42,46,24
"567",50,1,TRUE,24,28,25
"568",50,1,TRUE,473,477,25
"569",50,1,TRUE,616,620,25
"570",50,1,TRUE,861,865,25
"571",50,2,TRUE,94,98,25
"572",50,2,TRUE,303,307,25
"573",51,1,TRUE,41,45,26
"574",51,1,TRUE,175,179,26
"575",51,1,TRUE,383,387,26
"576",51,1,TRUE,709,713,26
"577",51,1,TRUE,730,734,26
"578",51,2,TRUE,93,97,26
"579",51,2,TRUE,104,108,26
"580",52,2,TRUE,33,37,27
"581",52,2,TRUE,109,113,27
"582",52,2,TRUE,177,181,27
"583",54,1,TRUE,68,72,29
"584",54,1,TRUE,142,146,29
"585",54,1,TRUE,156,160,29
"586",54,1,TRUE,170,174,29
"587",54,1,TRUE,247,251,29
"588",54,2,TRUE,245,249,29
"589",54,2,TRUE,367,371,29
"590",55,2,TRUE,77,81,30
"591",55,3,TRUE,213,217,30
"592",14,1,TRUE,59,62,3
"593",15,1,TRUE,52,55,3
"594",15,2,TRUE,37,40,3
"595",15,2,TRUE,103,106,3
"596",17,1,TRUE,19,22,3
"597",18,1,TRUE,5,8,4
"598",18,2,TRUE,21,24,4
"599",18,2,TRUE,53,56,4
"600",19,1,TRUE,84,87,4
"601",19,2,TRUE,10,13,4
"602",20,1,TRUE,24,27,4
"603",21,1,TRUE,6,9,4
"604",21,1,TRUE,80,83,4
"605",21,2,TRUE,93,96,4
"606",22,1,TRUE,11,14,4
"607",22,1,TRUE,53,56,4
"608",22,1,TRUE,176,179,4
"609",22,2,TRUE,35,38,4
"610",24,2,TRUE,26,29,5
"611",26,1,TRUE,28,31,5
"612",28,1,TRUE,33,36,5
"613",28,1,TRUE,40,43,5
"614",30,1,TRUE,56,59,9
"615",30,1,TRUE,75,78,9
"616",30,2,TRUE,15,18,9
"617",30,2,TRUE,73,76,9
"618",32,1,TRUE,38,41,10
"619",32,2,TRUE,25,28,10
"620",33,1,TRUE,3,6,10
"621",33,1,TRUE,48,51,10
"622",33,1,TRUE,55,58,10
"623",33,2,TRUE,11,14,10
"624",33,2,TRUE,99,102,10
"625",33,2,TRUE,113,116,10
"626",34,1,TRUE,32,35,11
"627",34,1,TRUE,37,40,11
"628",34,3,TRUE,14,17,11
"629",34,3,TRUE,20,23,11
"630",34,3,TRUE,51,54,11
"631",35,1,TRUE,87,90,11
"632",35,1,TRUE,149,152,11
"633",35,2,TRUE,29,32,11
"634",36,1,TRUE,52,55,12
"635",36,2,TRUE,21,24,12
"636",37,2,TRUE,191,194,12
"637",38,2,TRUE,60,63,13
"638",39,1,TRUE,118,121,14
"639",39,1,TRUE,170,173,14
"640",41,2,TRUE,40,43,16
"641",41,2,TRUE,65,68,16
"642",41,2,TRUE,119,122,16
"643",41,2,TRUE,231,234,16
"644",41,3,TRUE,17,20,16
"645",41,3,TRUE,41,44,16
"646",42,1,TRUE,10,13,17
"647",42,2,TRUE,92,95,17
"648",42,2,TRUE,214,217,17
"649",42,2,TRUE,222,225,17
"650",42,2,TRUE,317,320,17
"651",42,2,TRUE,328,331,17
"652",42,3,TRUE,127,130,17
"653",42,3,TRUE,180,183,17
"654",42,3,TRUE,203,206,17
"655",42,3,TRUE,219,222,17
"656",43,1,TRUE,128,131,18
"657",43,1,TRUE,150,153,18
"658",43,1,TRUE,171,174,18
"659",43,1,TRUE,196,199,18
"660",43,1,TRUE,324,327,18
"661",43,2,TRUE,85,88,18
"662",44,1,TRUE,74,77,19
"663",44,1,TRUE,97,100,19
"664",44,1,TRUE,173,176,19
"665",44,1,TRUE,235,238,19
"666",46,1,TRUE,28,31,21
"667",46,2,TRUE,26,29,21
"668",46,2,TRUE,90,93,21
"669",46,2,TRUE,96,99,21
"670",46,2,TRUE,109,112,21
"671",46,3,TRUE,11,14,21
"672",46,3,TRUE,74,77,21
"673",47,1,TRUE,8,11,22
"674",47,1,TRUE,191,194,22
"675",47,1,TRUE,232,235,22
"676",47,1,TRUE,367,370,22
"677",47,2,TRUE,28,31,22
"678",48,1,TRUE,32,35,23
"679",48,2,TRUE,60,63,23
"680",48,2,TRUE,140,143,23
"681",49,1,TRUE,23,26,24
"682",49,1,TRUE,77,80,24
"683",49,2,TRUE,17,20,24
"684",50,1,TRUE,681,684,25
"685",50,1,TRUE,686,689,25
"686",50,1,TRUE,1002,1005,25
"687",51,1,TRUE,642,645,26
"688",51,1,TRUE,808,811,26
"689",52,1,TRUE,210,213,27
"690",52,2,TRUE,2,5,27
"691",52,2,TRUE,70,73,27
"692",53,2,TRUE,239,242,28
"693",53,2,TRUE,303,306,28
"694",54,1,TRUE,234,237,29
"695",54,1,TRUE,305,308,29
"696",54,1,TRUE,410,413,29
"697",54,2,TRUE,217,220,29
"698",55,2,TRUE,19,22,30
"699",55,3,TRUE,37,40,30
"700",55,3,TRUE,331,334,30
"701",56,2,TRUE,366,369,31
"702",56,2,TRUE,609,612,31
"703",2,2,TRUE,12,14,1
"704",5,2,TRUE,3,5,1
"705",12,1,TRUE,103,105,2
"706",13,1,TRUE,42,44,3
"707",13,2,TRUE,22,24,3
"708",13,2,TRUE,33,35,3
"709",13,2,TRUE,53,55,3
"710",13,2,TRUE,88,90,3
"711",13,3,TRUE,28,30,3
"712",13,3,TRUE,57,59,3
"713",13,3,TRUE,66,68,3
"714",14,1,TRUE,4,6,3
"715",14,1,TRUE,11,13,3
"716",14,1,TRUE,27,29,3
"717",14,1,TRUE,36,38,3
"718",14,1,TRUE,124,126,3
"719",14,1,TRUE,146,148,3
"720",14,1,TRUE,156,158,3
"721",14,2,TRUE,26,28,3
"722",14,2,TRUE,46,48,3
"723",14,2,TRUE,52,54,3
"724",15,1,TRUE,72,74,3
"725",15,2,TRUE,32,34,3
"726",16,1,TRUE,6,8,3
"727",16,1,TRUE,42,44,3
"728",16,1,TRUE,114,116,3
"729",16,1,TRUE,128,130,3
"730",17,1,TRUE,42,44,3
"731",17,1,TRUE,109,111,3
"732",18,1,TRUE,12,14,4
"733",18,1,TRUE,40,42,4
"734",18,1,TRUE,142,144,4
"735",18,2,TRUE,47,49,4
"736",18,2,TRUE,108,110,4
"737",19,1,TRUE,42,44,4
"738",19,2,TRUE,1,3,4
"739",19,2,TRUE,15,17,4
"740",20,2,TRUE,21,23,4
"741",21,1,TRUE,28,30,4
"742",21,1,TRUE,37,39,4
"743",21,1,TRUE,69,71,4
"744",21,1,TRUE,75,77,4
"745",21,1,TRUE,186,188,4
"746",21,2,TRUE,100,102,4
"747",22,2,TRUE,13,15,4
"748",23,1,TRUE,12,14,4
"749",23,1,TRUE,42,44,4
"750",25,2,TRUE,111,113,5
"751",25,3,TRUE,21,23,5
"752",26,2,TRUE,8,10,5
"753",29,1,TRUE,57,59,9
"754",29,1,TRUE,79,81,9
"755",29,1,TRUE,86,88,9
"756",29,1,TRUE,171,173,9
"757",29,2,TRUE,10,12,9
"758",30,1,TRUE,29,31,9
"759",30,1,TRUE,37,39,9
"760",30,1,TRUE,95,97,9
"761",30,1,TRUE,170,172,9
"762",30,2,TRUE,21,23,9
"763",31,1,TRUE,7,9,9
"764",31,1,TRUE,13,15,9
"765",31,1,TRUE,57,59,9
"766",31,1,TRUE,66,68,9
"767",31,1,TRUE,87,89,9
"768",31,2,TRUE,3,5,9
"769",31,2,TRUE,45,47,9
"770",32,1,TRUE,12,14,10
"771",32,1,TRUE,16,18,10
"772",32,1,TRUE,21,23,10
"773",32,1,TRUE,63,65,10
"774",32,1,TRUE,82,84,10
"775",32,1,TRUE,88,90,10
"776",32,2,TRUE,21,23,10
"777",32,2,TRUE,99,101,10
"778",33,1,TRUE,27,29,10
"779",33,2,TRUE,2,4,10
"780",33,2,TRUE,119,121,10
"781",33,2,TRUE,130,132,10
"782",34,1,TRUE,5,7,11
"783",34,1,TRUE,15,17,11
"784",34,3,TRUE,33,35,11
"785",34,3,TRUE,47,49,11
"786",35,1,TRUE,157,159,11
"787",35,2,TRUE,2,4,11
"788",35,2,TRUE,14,16,11
"789",35,2,TRUE,61,63,11
"790",36,1,TRUE,28,30,12
"791",36,1,TRUE,32,34,12
"792",36,1,TRUE,80,82,12
"793",36,1,TRUE,159,161,12
"794",36,2,TRUE,26,28,12
"795",36,2,TRUE,34,36,12
"796",36,2,TRUE,39,41,12
"797",36,2,TRUE,46,48,12
"798",37,2,TRUE,60,62,12
"799",37,2,TRUE,87,89,12
"800",37,2,TRUE,113,115,12
"801",38,1,TRUE,55,57,13
"802",38,1,TRUE,186,188,13
"803",38,1,TRUE,206,208,13
"804",39,1,TRUE,107,109,14
"805",39,1,TRUE,290,292,14
"806",39,2,TRUE,1,3,14
"807",40,3,TRUE,10,12,15
"808",40,3,TRUE,39,41,15
"809",41,1,TRUE,6,8,16
"810",41,2,TRUE,77,79,16
"811",41,2,TRUE,95,97,16
"812",41,2,TRUE,99,101,16
"813",41,2,TRUE,103,105,16
"814",41,2,TRUE,172,174,16
"815",41,2,TRUE,182,184,16
"816",41,2,TRUE,248,250,16
"817",41,3,TRUE,25,27,16
"818",42,2,TRUE,50,52,17
"819",42,2,TRUE,166,168,17
"820",42,2,TRUE,190,192,17
"821",42,2,TRUE,230,232,17
"822",42,2,TRUE,236,238,17
"823",42,3,TRUE,9,11,17
"824",42,3,TRUE,40,42,17
"825",42,3,TRUE,85,87,17
"826",42,3,TRUE,123,125,17
"827",42,3,TRUE,170,172,17
"828",43,1,TRUE,52,54,18
"829",43,1,TRUE,66,68,18
"830",43,1,TRUE,119,121,18
"831",43,1,TRUE,138,140,18
"832",43,1,TRUE,146,148,18
"833",43,1,TRUE,177,179,18
"834",43,1,TRUE,291,293,18
"835",43,2,TRUE,96,98,18
"836",44,1,TRUE,24,26,19
"837",44,1,TRUE,68,70,19
"838",44,1,TRUE,109,111,19
"839",44,1,TRUE,115,117,19
"840",44,1,TRUE,188,190,19
"841",44,2,TRUE,28,30,19
"842",44,2,TRUE,38,40,19
"843",45,2,TRUE,29,31,20
"844",45,2,TRUE,39,41,20
"845",45,2,TRUE,92,94,20
"846",45,2,TRUE,157,159,20
"847",45,2,TRUE,185,187,20
"848",45,3,TRUE,84,86,20
"849",45,3,TRUE,92,94,20
"850",46,2,TRUE,44,46,21
"851",46,2,TRUE,68,70,21
"852",46,3,TRUE,20,22,21
"853",46,3,TRUE,65,67,21
"854",47,2,TRUE,2,4,22
"855",47,2,TRUE,9,11,22
"856",47,2,TRUE,37,39,22
"857",48,1,TRUE,40,42,23
"858",48,1,TRUE,47,49,23
"859",48,1,TRUE,76,78,23
"860",48,1,TRUE,128,130,23
"861",48,1,TRUE,144,146,23
"862",49,1,TRUE,84,86,24
"863",49,1,TRUE,358,360,24
"864",49,1,TRUE,378,380,24
"865",49,1,TRUE,418,420,24
"866",49,1,TRUE,813,815,24
"867",49,1,TRUE,845,847,24
"868",50,1,TRUE,31,33,25
"869",50,1,TRUE,66,68,25
"870",50,1,TRUE,258,260,25
"871",50,1,TRUE,366,368,25
"872",50,1,TRUE,386,388,25
"873",50,1,TRUE,697,699,25
"874",50,1,TRUE,1066,1068,25
"875",50,2,TRUE,173,175,25
"876",50,2,TRUE,177,179,25
"877",51,1,TRUE,67,69,26
"878",51,1,TRUE,86,88,26
"879",51,1,TRUE,718,720,26
"880",51,1,TRUE,798,800,26
"881",51,2,TRUE,35,37,26
"882",51,2,TRUE,88,90,26
"883",51,2,TRUE,110,112,26
"884",51,2,TRUE,118,120,26
"885",51,2,TRUE,241,243,26
"886",51,2,TRUE,245,247,26
"887",52,1,TRUE,80,82,27
"888",52,1,TRUE,202,204,27
"889",52,1,TRUE,324,326,27
"890",52,2,TRUE,78,80,27
"891",52,2,TRUE,161,163,27
"892",53,2,TRUE,42,44,28
"893",53,2,TRUE,53,55,28
"894",53,2,TRUE,88,90,28
"895",53,2,TRUE,96,98,28
"896",53,2,TRUE,114,116,28
"897",53,2,TRUE,203,205,28
"898",53,3,TRUE,16,18,28
"899",53,3,TRUE,30,32,28
"900",53,3,TRUE,40,42,28
"901",53,3,TRUE,47,49,28
"902",53,3,TRUE,51,53,28
"903",53,3,TRUE,89,91,28
"904",53,3,TRUE,141,143,28
"905",54,1,TRUE,15,17,29
"906",54,1,TRUE,43,45,29
"907",54,1,TRUE,196,198,29
"908",54,1,TRUE,209,211,29
"909",54,1,TRUE,271,273,29
"910",54,1,TRUE,332,334,29
"911",54,2,TRUE,63,65,29
"912",54,2,TRUE,87,89,29
"913",54,2,TRUE,225,227,29
"914",54,2,TRUE,337,339,29
"915",55,2,TRUE,242,244,30
"916",55,2,TRUE,373,375,30
"917",55,2,TRUE,453,455,30
"918",55,2,TRUE,491,493,30
"919",55,2,TRUE,565,567,30
"920",55,3,TRUE,58,60,30
"921",55,3,TRUE,124,126,30
"922",56,1,TRUE,42,44,31
"923",56,1,TRUE,113,115,31
"924",56,1,TRUE,247,249,31
"925",56,1,TRUE,543,545,31
"926",56,1,TRUE,616,618,31
"927",56,2,TRUE,196,198,31
"928",1,2,TRUE,23,24,1
"929",1,2,TRUE,44,45,1
"930",2,2,TRUE,28,29,1
"931",3,1,TRUE,2,3,1
"932",3,1,TRUE,19,20,1
"933",3,1,TRUE,29,30,1
"934",3,1,TRUE,38,39,1
"935",3,2,TRUE,15,16,1
"936",3,2,TRUE,38,39,1
"937",4,2,TRUE,21,22,1
"938",5,2,TRUE,12,13,1
"939",5,2,TRUE,44,45,1
"940",5,3,TRUE,4,5,1
"941",7,2,TRUE,2,3,2
"942",8,1,TRUE,7,8,2
"943",8,1,TRUE,41,42,2
"944",8,2,TRUE,12,13,2
"945",8,2,TRUE,45,46,2
"946",9,2,TRUE,6,7,2
"947",9,2,TRUE,10,11,2
"948",9,2,TRUE,26,27,2
"949",9,2,TRUE,32,33,2
"950",11,2,TRUE,6,7,2
"951",11,2,TRUE,9,10,2
"952",11,2,TRUE,24,25,2
"953",11,2,TRUE,48,49,2
"954",11,3,TRUE,5,6,2
"955",12,1,TRUE,51,52,2
"956",12,1,TRUE,60,61,2
"957",12,1,TRUE,73,74,2
"958",12,1,TRUE,81,82,2
"959",12,2,TRUE,25,26,2
"960",12,2,TRUE,28,29,2
"961",13,1,TRUE,19,20,3
"962",13,1,TRUE,46,47,3
"963",13,2,TRUE,12,13,3
"964",13,2,TRUE,50,51,3
"965",13,2,TRUE,63,64,3
"966",13,2,TRUE,71,72,3
"967",13,2,TRUE,76,77,3
"968",13,3,TRUE,36,37,3
"969",13,3,TRUE,46,47,3
"970",13,3,TRUE,49,50,3
"971",13,3,TRUE,52,53,3
"972",13,3,TRUE,70,71,3
"973",13,3,TRUE,75,76,3
"974",13,3,TRUE,83,84,3
"975",14,1,TRUE,19,20,3
"976",14,1,TRUE,50,51,3
"977",14,1,TRUE,96,97,3
"978",14,1,TRUE,99,100,3
"979",14,1,TRUE,105,106,3
"980",14,1,TRUE,108,109,3
"981",14,1,TRUE,133,134,3
"982",14,2,TRUE,1,2,3
"983",14,2,TRUE,5,6,3
"984",14,2,TRUE,11,12,3
"985",14,2,TRUE,16,17,3
"986",14,2,TRUE,19,20,3
"987",14,2,TRUE,89,90,3
"988",14,2,TRUE,97,98,3
"989",15,1,TRUE,2,3,3
"990",15,1,TRUE,6,7,3
"991",15,1,TRUE,27,28,3
"992",15,1,TRUE,38,39,3
"993",15,1,TRUE,62,63,3
"994",15,1,TRUE,77,78,3
"995",15,1,TRUE,95,96,3
"996",15,1,TRUE,99,100,3
"997",15,1,TRUE,105,106,3
"998",15,2,TRUE,16,17,3
"999",15,2,TRUE,23,24,3
"1000",15,2,TRUE,29,30,3
"1001",15,2,TRUE,50,51,3
"1002",15,2,TRUE,78,79,3
"1003",16,1,TRUE,12,13,3
"1004",16,1,TRUE,15,16,3
"1005",16,1,TRUE,90,91,3
"1006",16,1,TRUE,95,96,3
"1007",16,1,TRUE,105,106,3
"1008",16,2,TRUE,4,5,3
"1009",16,2,TRUE,9,10,3
"1010",17,1,TRUE,2,3,3
"1011",17,1,TRUE,59,60,3
"1012",17,1,TRUE,94,95,3
"1013",17,1,TRUE,120,121,3
"1014",17,2,TRUE,12,13,3
"1015",18,1,TRUE,18,19,4
"1016",18,1,TRUE,147,148,4
"1017",18,2,TRUE,81,82,4
"1018",18,2,TRUE,104,105,4
"1019",19,1,TRUE,19,20,4
"1020",19,1,TRUE,57,58,4
"1021",19,1,TRUE,60,61,4
"1022",19,2,TRUE,38,39,4
"1023",20,1,TRUE,50,51,4
"1024",20,2,TRUE,16,17,4
"1025",21,1,TRUE,93,94,4
"1026",21,1,TRUE,103,104,4
"1027",21,1,TRUE,209,210,4
"1028",21,1,TRUE,230,231,4
"1029",21,2,TRUE,4,5,4
"1030",21,2,TRUE,71,72,4
"1031",21,2,TRUE,89,90,4
"1032",22,1,TRUE,142,143,4
"1033",23,1,TRUE,69,70,4
"1034",23,1,TRUE,93,94,4
"1035",24,1,TRUE,83,84,5
"1036",24,1,TRUE,250,251,5
"1037",24,2,TRUE,7,8,5
"1038",24,2,TRUE,10,11,5
"1039",24,2,TRUE,47,48,5
"1040",25,2,TRUE,86,87,5
"1041",25,2,TRUE,89,90,5
"1042",25,2,TRUE,94,95,5
"1043",25,2,TRUE,151,152,5
"1044",25,2,TRUE,155,156,5
"1045",25,3,TRUE,227,228,5
"1046",26,1,TRUE,45,46,5
"1047",26,2,TRUE,22,23,5
"1048",27,2,TRUE,27,28,5
"1049",27,2,TRUE,48,49,5
"1050",27,2,TRUE,124,125,5
"1051",27,2,TRUE,284,285,5
"1052",27,3,TRUE,28,29,5
"1053",29,1,TRUE,18,19,9
"1054",29,1,TRUE,62,63,9
"1055",29,2,TRUE,14,15,9
"1056",29,2,TRUE,18,19,9
"1057",30,1,TRUE,2,3,9
"1058",30,1,TRUE,20,21,9
"1059",30,1,TRUE,33,34,9
"1060",30,1,TRUE,45,46,9
"1061",30,1,TRUE,80,81,9
"1062",30,1,TRUE,106,107,9
"1063",30,1,TRUE,148,149,9
"1064",30,2,TRUE,116,117,9
"1065",31,1,TRUE,4,5,9
"1066",31,1,TRUE,41,42,9
"1067",31,1,TRUE,45,46,9
"1068",32,1,TRUE,3,4,10
"1069",32,1,TRUE,6,7,10
"1070",32,1,TRUE,47,48,10
"1071",32,1,TRUE,93,94,10
"1072",32,1,TRUE,99,100,10
"1073",32,2,TRUE,77,78,10
"1074",33,1,TRUE,15,16,10
"1075",33,1,TRUE,100,101,10
"1076",33,1,TRUE,228,229,10
"1077",33,2,TRUE,8,9,10
"1078",33,2,TRUE,16,17,10
"1079",34,1,TRUE,2,3,11
"1080",34,1,TRUE,52,53,11
"1081",34,3,TRUE,58,59,11
"1082",35,1,TRUE,10,11,11
"1083",35,1,TRUE,41,42,11
"1084",35,2,TRUE,24,25,11
"1085",36,1,TRUE,58,59,12
"1086",36,1,TRUE,118,119,12
"1087",36,2,TRUE,31,32,12
"1088",37,2,TRUE,64,65,12
"1089",37,2,TRUE,106,107,12
"1090",37,2,TRUE,117,118,12
"1091",37,2,TRUE,131,132,12
"1092",37,2,TRUE,136,137,12
"1093",37,2,TRUE,152,153,12
"1094",37,3,TRUE,15,16,12
"1095",37,3,TRUE,30,31,12
"1096",38,1,TRUE,25,26,13
"1097",38,1,TRUE,43,44,13
"1098",38,1,TRUE,75,76,13
"1099",38,1,TRUE,90,91,13
"1100",38,2,TRUE,4,5,13
"1101",38,2,TRUE,14,15,13
"1102",38,2,TRUE,27,28,13
"1103",38,2,TRUE,65,66,13
"1104",39,1,TRUE,42,43,14
"1105",39,1,TRUE,66,67,14
"1106",39,1,TRUE,77,78,14
"1107",39,1,TRUE,98,99,14
"1108",39,1,TRUE,112,113,14
"1109",39,2,TRUE,13,14,14
"1110",39,2,TRUE,39,40,14
"1111",40,1,TRUE,25,26,15
"1112",40,2,TRUE,32,33,15
"1113",40,2,TRUE,39,40,15
"1114",40,2,TRUE,44,45,15
"1115",40,2,TRUE,132,133,15
"1116",40,2,TRUE,231,232,15
"1117",40,3,TRUE,5,6,15
"1118",40,3,TRUE,17,18,15
"1119",41,2,TRUE,1,2,16
"1120",41,2,TRUE,15,16,16
"1121",41,2,TRUE,37,38,16
"1122",41,2,TRUE,85,86,16
"1123",41,3,TRUE,4,5,16
"1124",41,3,TRUE,36,37,16
"1125",41,3,TRUE,69,70,16
"1126",41,3,TRUE,103,104,16
"1127",42,2,TRUE,26,27,17
"1128",42,2,TRUE,76,77,17
"1129",42,2,TRUE,97,98,17
"1130",42,2,TRUE,100,101,17
"1131",42,2,TRUE,116,117,17
"1132",42,2,TRUE,127,128,17
"1133",42,2,TRUE,150,151,17
"1134",42,2,TRUE,154,155,17
"1135",42,3,TRUE,6,7,17
"1136",43,1,TRUE,12,13,18
"1137",43,1,TRUE,27,28,18
"1138",43,1,TRUE,33,34,18
"1139",43,1,TRUE,37,38,18
"1140",43,1,TRUE,48,49,18
"1141",43,1,TRUE,59,60,18
"1142",43,1,TRUE,78,79,18
"1143",43,1,TRUE,94,95,18
"1144",43,1,TRUE,133,134,18
"1145",43,1,TRUE,143,144,18
"1146",43,1,TRUE,257,258,18
"1147",43,1,TRUE,296,297,18
"1148",43,2,TRUE,16,17,18
"1149",44,1,TRUE,7,8,19
"1150",44,1,TRUE,21,22,19
"1151",44,1,TRUE,48,49,19
"1152",44,1,TRUE,81,82,19
"1153",44,1,TRUE,170,171,19
"1154",44,2,TRUE,32,33,19
"1155",44,2,TRUE,61,62,19
"1156",44,2,TRUE,70,71,19
"1157",45,2,TRUE,23,24,20
"1158",45,2,TRUE,35,36,20
"1159",45,2,TRUE,70,71,20
"1160",45,2,TRUE,89,90,20
"1161",45,2,TRUE,143,144,20
"1162",45,3,TRUE,6,7,20
"1163",45,3,TRUE,31,32,20
"1164",45,3,TRUE,66,67,20
"1165",45,3,TRUE,88,89,20
"1166",45,3,TRUE,107,108,20
"1167",46,1,TRUE,24,25,21
"1168",46,1,TRUE,36,37,21
"1169",46,2,TRUE,6,7,21
"1170",46,2,TRUE,23,24,21
"1171",46,2,TRUE,31,32,21
"1172",46,2,TRUE,86,87,21
"1173",46,2,TRUE,117,118,21
"1174",46,2,TRUE,122,123,21
"1175",46,2,TRUE,125,126,21
"1176",46,3,TRUE,37,38,21
"1177",46,3,TRUE,43,44,21
"1178",47,1,TRUE,42,43,22
"1179",47,1,TRUE,56,57,22
"1180",47,1,TRUE,69,70,22
"1181",47,1,TRUE,114,115,22
"1182",47,1,TRUE,237,238,22
"1183",47,1,TRUE,264,265,22
"1184",47,1,TRUE,354,355,22
"1185",47,1,TRUE,382,383,22
"1186",47,1,TRUE,387,388,22
"1187",47,2,TRUE,53,54,22
"1188",47,2,TRUE,62,63,22
"1189",48,1,TRUE,29,30,23
"1190",48,1,TRUE,124,125,23
"1191",48,2,TRUE,5,6,23
"1192",48,2,TRUE,27,28,23
"1193",48,2,TRUE,39,40,23
"1194",48,2,TRUE,48,49,23
"1195",48,2,TRUE,53,54,23
"1196",49,1,TRUE,1,2,24
"1197",49,1,TRUE,62,63,24
"1198",49,1,TRUE,65,66,24
"1199",49,1,TRUE,336,337,24
"1200",49,1,TRUE,393,394,24
"1201",49,2,TRUE,121,122,24
"1202",49,2,TRUE,255,256,24
"1203",50,1,TRUE,228,229,25
"1204",50,1,TRUE,1016,1017,25
"1205",51,1,TRUE,53,54,26
"1206",51,1,TRUE,154,155,26
"1207",51,1,TRUE,157,158,26
"1208",51,1,TRUE,289,290,26
"1209",51,1,TRUE,416,417,26
"1210",51,1,TRUE,420,421,26
"1211",51,1,TRUE,715,716,26
"1212",51,2,TRUE,48,49,26
"1213",51,2,TRUE,68,69,26
"1214",51,2,TRUE,81,82,26
"1215",52,1,TRUE,26,27,27
"1216",52,1,TRUE,121,122,27
"1217",52,1,TRUE,128,129,27
"1218",52,1,TRUE,141,142,27
"1219",52,1,TRUE,166,167,27
"1220",52,1,TRUE,318,319,27
"1221",52,1,TRUE,377,378,27
"1222",52,2,TRUE,26,27,27
"1223",52,2,TRUE,30,31,27
"1224",52,2,TRUE,59,60,27
"1225",52,2,TRUE,141,142,27
"1226",52,2,TRUE,172,173,27
"1227",53,2,TRUE,111,112,28
"1228",53,2,TRUE,145,146,28
"1229",53,2,TRUE,229,230,28
"1230",53,3,TRUE,4,5,28
"1231",53,3,TRUE,57,58,28
"1232",53,3,TRUE,85,86,28
"1233",54,1,TRUE,80,81,29
"1234",54,1,TRUE,105,106,29
"1235",54,1,TRUE,148,149,29
"1236",54,1,TRUE,165,166,29
"1237",54,1,TRUE,228,229,29
"1238",54,2,TRUE,84,85,29
"1239",54,2,TRUE,97,98,29
"1240",54,2,TRUE,232,233,29
"1241",55,2,TRUE,33,34,30
"1242",55,2,TRUE,83,84,30
"1243",55,2,TRUE,114,115,30
"1244",55,2,TRUE,232,233,30
"1245",55,2,TRUE,239,240,30
"1246",55,2,TRUE,461,462,30
"1247",55,2,TRUE,569,570,30
"1248",55,3,TRUE,158,159,30
"1249",55,3,TRUE,165,166,30
"1250",55,3,TRUE,169,170,30
"1251",56,1,TRUE,547,548,31
"1252",56,1,TRUE,592,593,31
"1253",56,1,TRUE,596,597,31
"1254",56,2,TRUE,4,5,31
"1255",56,2,TRUE,187,188,31
"1256",56,2,TRUE,375,376,31
"1257",56,2,TRUE,617,618,31
